"Source","Invader","Trophic level","Quantity","Invaded","Uninvaded","Ratio"
"Pati 2025","Gliricidia sepium","primary producer","carbon sequestration rate","8.01 ± 1.5","0.71 ± 2.39","11.28"
"Pati 2025","Gliricidia sepium","primary producer","total biomass stock","94.45 ± 10.27","72.85 ± 9.5","1.30"
"Wardle 2007","Rattus spp","predator","live plant biomass carbon","104","-","2.04"
"Wardle 2007","Rattus spp","predator","non-living pool carbon","-26","-","0.74"
"Wardle 2007","Rattus spp","predator","total ecosystem carbon","37","-","1.37"
"Liao 2008","multiple","primary producer","shoot carbon stock","133","-","2.33"
"Liao 2008","multiple","primary producer","root carbon stock","5","-","1.05"
"Liao 2008","multiple","primary producer","fluxes including ANPP and litter decomposition","50","-","1.50"
"Liao 2008","multiple","primary producer","fluxes including ANPP and litter decomposition","120","-","2.20"
